community_id,community_name,community_handle,collection_id,collection_name,collection_handle,College Affiliation,Department Affiliation,Other Affiliation,Admin_Set,Admin_Set_ID,Comments
172,"10th IIFET Conference, July 10-14, 2000, Corvallis, Oregon, U.S.A.",1957/30554,544,Aquaculture (IIFET 2000),1957/30469,,,,Conference Proceedings or Journal,,
172,"10th IIFET Conference, July 10-14, 2000, Corvallis, Oregon, U.S.A.",1957/30554,539,Conference Materials (IIFET 2000),1957/30462,,,,Conference Proceedings or Journal,,
172,"10th IIFET Conference, July 10-14, 2000, Corvallis, Oregon, U.S.A.",1957/30554,536,Conference Papers and Presentations (IIFET 2000),1957/30214,,,,Conference Proceedings or Journal,,
172,"10th IIFET Conference, July 10-14, 2000, Corvallis, Oregon, U.S.A.",1957/30554,540,Fish and Aquaculture Sectors' Development (IIFET 2000),1957/30464,,,,Conference Proceedings or Journal,,
172,"10th IIFET Conference, July 10-14, 2000, Corvallis, Oregon, U.S.A.",1957/30554,541,Fishery Management (IIFET 2000),1957/30466,,,,Conference Proceedings or Journal,,
172,"10th IIFET Conference, July 10-14, 2000, Corvallis, Oregon, U.S.A.",1957/30554,545,Fishing Sector Behavior and Activities (IIFET 2000),1957/30470,,,,Conference Proceedings or Journal,,
172,"10th IIFET Conference, July 10-14, 2000, Corvallis, Oregon, U.S.A.",1957/30554,542,Markets and Trade (IIFET 2000),1957/30467,,,,Conference Proceedings or Journal,,
172,"10th IIFET Conference, July 10-14, 2000, Corvallis, Oregon, U.S.A.",1957/30554,543,Modeling and Economic Theory (IIFET 2000),1957/30468,,,,Conference Proceedings or Journal,,
172,"10th IIFET Conference, July 10-14, 2000, Corvallis, Oregon, U.S.A.",1957/30554,566,Posters (IIFET 2000),1957/35500,,,,Conference Proceedings or Journal,,
172,"10th IIFET Conference, July 10-14, 2000, Corvallis, Oregon, U.S.A.",1957/30554,546,Special Topics,1957/30471,,,,Conference Proceedings or Journal,,
201,"11th IIFET Conference, August 19-22, 2002, Wellington, New Zealand",1957/56900,669,Conference Materials (IIFET 2002),1957/56902,,,,Conference Proceedings or Journal,,
201,"11th IIFET Conference, August 19-22, 2002, Wellington, New Zealand",1957/56900,670,Conference Papers and Presentations (IIFET 2002),1957/56903,,,,Conference Proceedings or Journal,,
197,"12th IIFET Conference, July 20-30, 2004, Tokyo, Japan",1957/56398,665,Conference Materials (IIFET 2004),1957/56551,,,,Conference Proceedings or Journal,,
197,"12th IIFET Conference, July 20-30, 2004, Tokyo, Japan",1957/56398,664,Conference Papers and Presentations (IIFET 2004),1957/56550,,,,Conference Proceedings or Journal,,
185,"13th IIFET Conference, July 11-14, 2006, Portsmouth, UK",1957/43173,611,Aquaculture (IIFET 2006),1957/43176,,,,Conference Proceedings or Journal,,
185,"13th IIFET Conference, July 11-14, 2006, Portsmouth, UK",1957/43173,609,Conference Materials (IIFET 2006),1957/43174,,,,Conference Proceedings or Journal,,
185,"13th IIFET Conference, July 11-14, 2006, Portsmouth, UK",1957/43173,614,Fish and Aquaculture Sectors' Development (IIFET 2006),1957/43179,,,,Conference Proceedings or Journal,,
185,"13th IIFET Conference, July 11-14, 2006, Portsmouth, UK",1957/43173,615,Fishery Management (IIFET 2006),1957/43180,,,,Conference Proceedings or Journal,,
185,"13th IIFET Conference, July 11-14, 2006, Portsmouth, UK",1957/43173,612,Markets and Trade (IIFET 2006),1957/43177,,,,Conference Proceedings or Journal,,
185,"13th IIFET Conference, July 11-14, 2006, Portsmouth, UK",1957/43173,613,Modeling and Economic Theory (IIFET 2006),1957/43178,,,,Conference Proceedings or Journal,,
185,"13th IIFET Conference, July 11-14, 2006, Portsmouth, UK",1957/43173,620,Policy Day (IIFET 2006),1957/44859,,,,Conference Proceedings or Journal,,
185,"13th IIFET Conference, July 11-14, 2006, Portsmouth, UK",1957/43173,616,Special Topics (IIFET 2006),1957/43181,,,,Conference Proceedings or Journal,,
176,"14th IIFET Conference, July 22-25, 2008, Nha Trang, Vietnam",1957/36185,571,Aquaculture (IIFET 2008),1957/36192,,,,Conference Proceedings or Journal,,
176,"14th IIFET Conference, July 22-25, 2008, Nha Trang, Vietnam",1957/36185,568,Conference Materials (IIFET 2008),1957/36186,,,,Conference Proceedings or Journal,,
176,"14th IIFET Conference, July 22-25, 2008, Nha Trang, Vietnam",1957/36185,574,Fish and Aquaculture Sectors' Development (IIFET 2008),1957/36195,,,,Conference Proceedings or Journal,,
176,"14th IIFET Conference, July 22-25, 2008, Nha Trang, Vietnam",1957/36185,569,Fishery Management (IIFET 2008),1957/36187,,,,Conference Proceedings or Journal,,
176,"14th IIFET Conference, July 22-25, 2008, Nha Trang, Vietnam",1957/36185,570,Markets and Trade (IIFET 2008),1957/36191,,,,Conference Proceedings or Journal,,
176,"14th IIFET Conference, July 22-25, 2008, Nha Trang, Vietnam",1957/36185,572,Modeling and Economic Theory (IIFET 2008),1957/36193,,,,Conference Proceedings or Journal,,
176,"14th IIFET Conference, July 22-25, 2008, Nha Trang, Vietnam",1957/36185,575,Posters (IIFET 2008),1957/36196,,,,Conference Proceedings or Journal,,
176,"14th IIFET Conference, July 22-25, 2008, Nha Trang, Vietnam",1957/36185,573,Special Topics (IIFET 2008),1957/36194,,,,Conference Proceedings or Journal,,
180,"15th IIFET Conference, July 13-16, 2010, Montpellier, France",1957/38399,593,Conference Papers and Presentations (IIFET 2010),1957/38400,,,,Conference Proceedings or Journal,,
174,"16th IIFET Conference, July 16-20, 2012, Dar es Salaam, Tanzania",1957/32180,691,Conference Materials (IIFET 2012),1957/59946,,,,Conference Proceedings or Journal,,
174,"16th IIFET Conference, July 16-20, 2012, Dar es Salaam, Tanzania",1957/32180,558,Conference Papers and Presentations (IIFET 2012),1957/32231,,,,Conference Proceedings or Journal,,
195,"17th IIFET Conference, July 7-11, 2014, Brisbane, Australia",1957/52603,655,Conference Materials (IIFET 2014),1957/52888,,,,Conference Proceedings or Journal,,
195,"17th IIFET Conference, July 7-11, 2014, Brisbane, Australia",1957/52603,653,Conference Papers and Presentations (IIFET 2014),1957/52605,,,,Conference Proceedings or Journal,,
210,"18th IIFET Conference, July 11-15, 2016, Aberdeen, Scotland, UK",1957/59918,688,Conference Materials (IIFET 2016),1957/59920,,,,Conference Proceedings or Journal,,
210,"18th IIFET Conference, July 11-15, 2016, Aberdeen, Scotland, UK",1957/59918,687,Conference Papers and Presentations (IIFET 2016),1957/59919,,,,Conference Proceedings or Journal,,
200,"8th IIFET Conference, July 1-4, 1996, Marrakech, Morocco",1957/56895,667,Conference Materials (IIFET 1996),1957/56896,,,,Conference Proceedings or Journal,,
200,"8th IIFET Conference, July 1-4, 1996, Marrakech, Morocco",1957/56895,668,Conference Papers and Presentations (IIFET 1996),1957/56897,,,,Conference Proceedings or Journal,,
42,Baseball,1957/3925,91,Media Guides (Baseball),1957/3926,,,,Default,,
182,Center for Genome Research & Biocomputing,1957/42305,601,Faculty Research Publications (Center for Genome Research & Biocomputing),1957/42306,,,Center for Geonome Research and Biocomputing,Default,,
153,Chinese Disinterment Documents,1957/21890,513,1928 Disinterment,1957/28784,,,,Default,,
153,Chinese Disinterment Documents,1957/21890,466,"Applications, Permits, Correspondence and Notes",1957/21955,,,,Default,,
153,Chinese Disinterment Documents,1957/21890,477,Legal Documents,1957/22264,,,,Default,,
153,Chinese Disinterment Documents,1957/21890,508,Shipping Documents,1957/28681,,,,Default,,
103,College of Agricultural Sciences,1957/13588,464,Agricultural Experiment Station Reports and Annual Reports,1957/21591,Agricultural Sciences,,,Administrative Report or Publication,,
103,College of Agricultural Sciences,1957/13588,685,Coastal Oregon Marine Experiment Station,1957/59643,Agricultural Sciences,,,Administrative Report or Publication,,
103,College of Agricultural Sciences,1957/13588,288,Faculty Research Publications (College of Agricultural Sciences),1957/13589,Agricultural Sciences,,,Default,,
103,College of Agricultural Sciences,1957/13588,602,Small Farms,1957/42320,Agricultural Sciences,,,Default,,
62,College of Business,1957/8148,317,Faculty Research Publications (College of Business),1957/14600,College of Buisiness,,,Default,,
14,"College of Earth, Ocean, and Atmospheric Sciences",1957/1309,36,CEOAS Reports,1957/1316,"College of Earth, Ocean, and Atomspheric Sciences",,,Administrative Report or Publication,,
14,"College of Earth, Ocean, and Atmospheric Sciences",1957/1309,99,"Data Report Series (College of Earth, Ocean, and Atmospheric Sciences)",1957/6526,"College of Earth, Ocean, and Atomspheric Sciences",,,Technical Report,,
14,"College of Earth, Ocean, and Atmospheric Sciences",1957/1309,483,"Faculty Research Publications (College of Earth, Ocean, and Atmospheric Sciences)",1957/23252,"College of Earth, Ocean, and Atomspheric Sciences",,,Default,,
14,"College of Earth, Ocean, and Atmospheric Sciences",1957/1309,35,Marine Resource Management,1957/1315,"College of Earth, Ocean, and Atomspheric Sciences",,,Technical Report,,
14,"College of Earth, Ocean, and Atmospheric Sciences",1957/1309,146,"Progress Reports (College of Earth, Ocean, and Atmospheric Sciences)",1957/8653,"College of Earth, Ocean, and Atomspheric Sciences",,,Technical Report,,
14,"College of Earth, Ocean, and Atmospheric Sciences",1957/1309,110,"Reference Series (College of Earth, Ocean, and Atmospheric Sciences)",1957/7482,"College of Earth, Ocean, and Atomspheric Sciences",,,Technical Report,,
14,"College of Earth, Ocean, and Atmospheric Sciences",1957/1309,41,"Theses, Dissertations and Student Research Papers (College of Earth, Ocean and Atmospheric Sciences)",1957/1339,"College of Earth, Ocean, and Atomspheric Sciences",,,,,Need information about types of items in collection
14,"College of Earth, Ocean, and Atmospheric Sciences",1957/1309,681,William Pearcy Field Journal Collection,1957/58895,"College of Earth, Ocean, and Atomspheric Sciences",,,Technical Report,,
133,College of Education,1957/18087,461,Faculty Research Publications (Education),1957/21414,College of Education,,,Default,,
133,College of Education,1957/18087,412,"Theses, Dissertations, Portfolios and Student Research Papers (Education)",1957/18090,College of Education,,,,,Need information about types of items in collection
53,College of Forestry/Oregon Forest Research Laboratory (FRL),1957/7530,255,Faculty Research Publications (College of Forestry & Oregon Forest Research Laboratory),1957/12727,College of Forestry,,,Default,,
53,College of Forestry/Oregon Forest Research Laboratory (FRL),1957/7530,284,Focus on Forestry,1957/13521,College of Forestry,,,Default,,
53,College of Forestry/Oregon Forest Research Laboratory (FRL),1957/7530,524,Focus on Forestry Articles,1957/29407,College of Forestry,,,Default,,
53,College of Forestry/Oregon Forest Research Laboratory (FRL),1957/7530,673,Notable Notes: Research Briefs for K-12,1957/57294,College of Forestry,,,Default,,
53,College of Forestry/Oregon Forest Research Laboratory (FRL),1957/7530,674,Oregon State Forester,1957/57475,College of Forestry,,,Default,,
53,College of Forestry/Oregon Forest Research Laboratory (FRL),1957/7530,448,OSU College Forests,1957/19960,College of Forestry,,,Default,,
53,College of Forestry/Oregon Forest Research Laboratory (FRL),1957/7530,588,Presentations and Posters (College of Forestry/Oregon Forest Research Laboratory),1957/38303,College of Forestry,,,Default,,
53,College of Forestry/Oregon Forest Research Laboratory (FRL),1957/7530,478,Starker Lecture Series,1957/22500,College of Forestry,,,Default,,
53,College of Forestry/Oregon Forest Research Laboratory (FRL),1957/7530,672,Studies of Oregon's climate for the forest industry. Climatological note,1957/57293,College of Forestry,,,Default,,
53,College of Forestry/Oregon Forest Research Laboratory (FRL),1957/7530,122,"Theses, Dissertations and Student Research Papers (College of Forestry, 1984/85 to Present)",1957/7864,College of Forestry/Oregon Forest Research Laboratory (FRL),,,,,Need information about types of items in collection
53,College of Forestry/Oregon Forest Research Laboratory (FRL),1957/7530,244,"Theses, Dissertations and Student Research Papers (School of Forestry, pre - 1984)",1957/12309,College of Forestry/Oregon Forest Research Laboratory (FRL),,,,,Need information about types of items in collection
128,College of Pharmacy,1957/17743,550,Faculty Research Publications (College of Pharmacy),1957/31640,College of Pharmacy,,,Default,,
128,College of Pharmacy,1957/17743,402,"Theses, Dissertations and Student Research Papers (Pharmacy)",1957/17744,College of Pharmacy,,,,,Need information about types of items in collection
166,College of Public Health and Human Sciences,1957/28634,507,Faculty Research Publications (College of Public Health and Human Sciences),1957/28635,College of Public Health and Human Sciences,,,Default,,
99,College of Veterinary Medicine,1957/12904,496,Faculty Research Publications (College of Veterinary Medicine),1957/26623,College of Veterinary Medicine,,,Default,,
99,College of Veterinary Medicine,1957/12904,440,Theses and Dissertations (Veterinary Medicine),1957/19531,College of Veterinary Medicine,,,,,Need information about types of items in collection
99,College of Veterinary Medicine,1957/12904,266,Vet Gazette e-newsletter,1957/12907,College of Veterinary Medicine,,,Default,,
193,Commodity Data Sheets,1957/48174,644,All Commodity Summaries,1957/49484,,,Extension Service,Techical Reports,,
193,Commodity Data Sheets,1957/48174,636,Berries,1957/48179,,,Extension Service,Techical Reports,,
193,Commodity Data Sheets,1957/48174,637,"Grains, Hay & Grass Seeds",1957/48350,,,Extension Service,Techical Reports,,
193,Commodity Data Sheets,1957/48174,638,Livestock & Livestock Products,1957/48544,,,Extension Service,Techical Reports,,
193,Commodity Data Sheets,1957/48174,645,Specialty Horticulture and Field Crops,1957/49528,,,Extension Service,Techical Reports,,
193,Commodity Data Sheets,1957/48174,646,Tree Fruits & Nuts,1957/49529,,,Extension Service,Techical Reports,,
193,Commodity Data Sheets,1957/48174,648,Vegetables,1957/49531,,,Extension Service,Techical Reports,,
78,Conferences (Rural-Urban Connections),1957/10431,177,2008: Toward One Oregon,1957/10432,,,,Conference Proceedings or Journal,,
111,Darlene Hooley Papers,1957/14383,312,A. Personal/Political/Official Records,1957/14384,,,,Default,,
111,Darlene Hooley Papers,1957/14383,313,B. Legislative Records,1957/14385,,,,Default,,
111,Darlene Hooley Papers,1957/14383,314,C. Constituent Service Records,1957/14386,,,,Default,,
111,Darlene Hooley Papers,1957/14383,315,D. Press Relations/Media Activities Records,1957/14387,,,,Default,,
111,Darlene Hooley Papers,1957/14383,316,E. Office Administration Records,1957/14388,,,,Default,,
181,Datasets,1957/40396,597,Datasets,1957/40397,,,,Datasets,,
137,Department of Agricultural Education and Agricultural Sciences,1957/18498,428,Theses and Dissertations (Agricultural Education and Agricultural Sciences),1957/18499,,Agricultural Education and Agricultural Sciences,,,,Need information about types of items in collection
139,Department of Animal and Rangeland Science,1957/18827,529,Faculty Research Publications (Animal and Rangeland Science),1957/30112,,,,Default,,
139,Department of Animal and Rangeland Science,1957/18827,432,Theses and Dissertations (Animal and Rangeland Science),1957/18828,,Animal and Rangeland Science,,,,Need information about types of items in collection
46,Department of Anthropology,1957/6366,272,Faculty Research Publications (Anthropology),1957/13088,,Anthropology,,Default,,
46,Department of Anthropology,1957/6366,652,"Theses, Dissertations and Student Research Papers (Anthropology)",1957/52418,,Anthropology,,,,Need information about types of items in collection
115,Department of Applied Economics,1957/14947,346,Faculty Research Publications (Applied Economics),1957/14948,,Applied Economics,,Default,,
115,Department of Applied Economics,1957/14947,398,"Theses, Dissertations and Student Research Papers (Applied Economics)",1957/17667,,Applied Economics,,,,Need information about types of items in collection
154,Department of Art,1957/21991,467,Faculty Research Publications (Art),1957/21992,,Art,,Default,,
148,Department of Biochemistry and Biophysics,1957/19990,509,BB 350 -- Elementary Biochemistry,1957/28714,,Biochemistry and Biophysics,,Open Educational resource,,
148,Department of Biochemistry and Biophysics,1957/19990,511,BB 450/550 - General Biochemistry I,1957/28716,,Biochemistry and Biophysics,,Open Educational resource,,
148,Department of Biochemistry and Biophysics,1957/19990,512,BB 451/551 - General Biochemistry II,1957/28717,,Biochemistry and Biophysics,,Open Educational resource,,
148,Department of Biochemistry and Biophysics,1957/19990,475,Faculty Research Publications (Biochemistry and Biophysics),1957/22171,,Biochemistry and Biophysics,,Default,,
148,Department of Biochemistry and Biophysics,1957/19990,449,Theses and Dissertations (Biochemistry and Biophysics),1957/19991,,Biochemistry and Biophysics,,,,Need information about types of items in collection
11,Department of Biological and Ecological Engineering,1957/494,526,Faculty Research Publications (Biological and Ecological Engineering),1957/29655,,Biological and Ecological Engineering,,Default,,
11,Department of Biological and Ecological Engineering,1957/494,22,"Theses, Dissertations and Student Research Papers (Biological and Ecological Engineering)",1957/496,,Biological and Ecological Engineering,,,,Need information about types of items in collection
170,Department of Biomedical Sciences,1957/30116,530,Faculty Research Publications (Biomedical Sciences),1957/30117,,Biomedical Sciences,,Default,,
48,Department of Bioresource Research,1957/6762,105,Faculty-Student Research Publications (Bioresource Research),1957/6763,,Bioresource Research,,Default,,
27,Department of Botany and Plant Pathology,1957/1932,70,Faculty Presentations (Botany and Plant Pathology),1957/1933,,Botany and Plant Pathology,,Default,,
27,Department of Botany and Plant Pathology,1957/1932,71,Faculty Research Publications (Botany and Plant Pathology),1957/1934,,Botany and Plant Pathology,,Default,,
27,Department of Botany and Plant Pathology,1957/1932,299,Non-Thesis Reports (Professional Science Masteräó»s in Applied Systematics in Botany),1957/13790,,Botany and Plant Pathology,,Graduate Project,,
27,Department of Botany and Plant Pathology,1957/1932,408,Theses and Dissertations (Botany and Plant Pathology),1957/17954,,Botany and Plant Pathology,,Graduate Thesis or Dissertation,,Need information about types of items in collection
129,Department of Chemistry,1957/17746,450,Faculty Research Publications (Chemistry),1957/20456,,Chemistry,,Default,,
129,Department of Chemistry,1957/17746,403,"Theses, Dissertations and Student Research Papers (Chemistry)",1957/17747,,Chemistry,,,,Need information about types of items in collection
112,Department of Crop & Soil Science,1957/14728,598,Crop Science Report / Agronomic Crop Science Report,1957/41000,,Crop and Soil Science,,Technical Report,,
112,Department of Crop & Soil Science,1957/14728,430,Faculty Research Publications (Crop and Soil Science),1957/18801,,Crop and Soil Science,,Default,,
112,Department of Crop & Soil Science,1957/14728,318,"Seed Production Research at Oregon State University, USDA-ARS Cooperating",1957/14729,,Crop and Soil Science,,Technical Report,,
112,Department of Crop & Soil Science,1957/14728,431,Technical Reports (Crop and Soil Science),1957/18802,,Crop and Soil Science,,Technical Report,,
112,Department of Crop & Soil Science,1957/14728,416,"Theses, Dissertations and Student Research Papers (Crop & Soil Science)",1957/18369,,Crop and Soil Science,,,,Need information about types of items in collection
113,Department of Design and Human Environment,1957/14777,319,Faculty Research Publications (Design and Human Environment),1957/14778,,Design and Human Environment,,Default,,
113,Department of Design and Human Environment,1957/14777,401,"Theses, Dissertations and Student Research Papers (Design and Human Environment)",1957/17698,,Design and Human Environment,,,,Need information about types of items in collection
114,Department of Economics,1957/14945,345,Faculty Research Publications (Economics),1957/14946,,Economics,,Default,,
114,Department of Economics,1957/14945,451,Theses and Dissertations (Economics),1957/20472,,Economics,,Graduate Thesis or Dissertation,,
132,Department of English,1957/18071,462,Faculty Research Publications (English),1957/21415,,English,,Default,,
132,Department of English,1957/18071,410,"Theses, Dissertations and Student Research Papers (English)",1957/18072,,English,,,,Need information about types of items in collection
161,Department of Environmental & Molecular Toxicology,1957/25639,493,Faculty Research Publications (Environmental & Molecular Toxicology),1957/25640,,Environmental and Molecular Toxicology,,Default,,
151,Department of Ethnic Studies,1957/21412,460,Faculty Research Publications (Ethnic Studies),1957/21413,,Ethnic Studies,,Default,,
147,Department of Exercise and Sport Science,1957/19834,446,Faculty Research Publications (Exercise and Sport Science),1957/19835,,Exercise and Sport Science,,Default,,
147,Department of Exercise and Sport Science,1957/19834,456,Theses and Dissertations (Exercise and Sport Science),1957/21155,,Exercise and Sport Science,,Graduate Thesis or Dissertation,,
94,Department of Fisheries and Wildlife,1957/12558,394,Distinguished Graduates (Fisheries and Wildlife),1957/17094,,Fisheries and Wildlife,,Default,,
94,Department of Fisheries and Wildlife,1957/12558,248,Faculty Research Publications (Fisheries and Wildlife),1957/12626,,Fisheries and Wildlife,,Default,,
94,Department of Fisheries and Wildlife,1957/12558,618,News and Views (Fisheries and Wildlife),1957/43691,,Fisheries and Wildlife,,Administrative Report or Publication,,
94,Department of Fisheries and Wildlife,1957/12558,393,"Theses, Dissertations and Student Research Papers (Fisheries and Wildlife)",1957/17093,,Fisheries and Wildlife,,,,Need information about types of items in collection
131,Department of Food Science and Technology,1957/17881,425,Faculty Research Publications (Food Science and Technology),1957/18479,,Food Science and Technology,,Default,,
131,Department of Food Science and Technology,1957/17881,406,"Theses, Dissertations and Student Research Papers (Food Science and Technology)",1957/17882,,Food Science and Technology,,,,Need information about types of items in collection
160,Department of Foreign Languages and Literatures,1957/24915,492,Faculty Research Publications (Foreign Languages and Literatures),1957/24917,,Foreign Languages and Literatures,,Default,,
160,Department of Foreign Languages and Literatures,1957/24915,641,"Theses, Dissertations and Student Research Papers (Foreign Languages and Literature)",1957/48899,,Foreign Languages and Literatures,,,,Need information about types of items in collection
80,Department of Forest Ecosystems and Society,1957/10899,351,Faculty Research Publications (Forest Ecosystems and Society),1957/15211,,Forest Ecosystems and Society,,Default,,
80,Department of Forest Ecosystems and Society,1957/10899,188,"Theses, Dissertations and Student Research Papers (Forest Ecosystems and Society & Forest Science)",1957/10901,,Forest Ecosystems and Society,,,,Need information about types of items in collection
81,"Department of Forest Engineering, Resources and Management",1957/10900,465,"Faculty Research Publications (Forest Engineering, Resources and Management)",1957/21686,,"Forest Engineering, Resources, and Management",,Default,,
81,"Department of Forest Engineering, Resources and Management",1957/10900,189,"Theses, Dissertations and Student Research Papers (Sustainable Forest Management, Forest Engineering, & Forest Management)",1957/10902,,"Forest Engineering, Resources, and Management",,,,Need information about types of items in collection
96,Department of History,1957/12720,253,Faculty Research Publications (History),1957/12725,,History,,Default,,
123,Department of Horticulture,1957/16374,437,Faculty Research Publications (Horticulture),1957/19101,,Horticulture,,Default,,
123,Department of Horticulture,1957/16374,383,Oregon Processed Vegetable Commission Reports,1957/16375,,Horticulture,,Technical Report,,
123,Department of Horticulture,1957/16374,438,"Theses, Dissertations and Student Research Papers (Horticulture)",1957/19297,,Horticulture,,,,Need information about types of items in collection
135,Department of Human Development and Family Sciences,1957/18472,435,Faculty Research Publications (Human Development and Family Sciences),1957/19055,,Human Development and Family Science,,Default,,
135,Department of Human Development and Family Sciences,1957/18472,423,"Theses, Dissertations and Student Research Papers (Human Development and Family Sciences)",1957/18473,,Human Development and Family Science,,,,Need information about types of items in collection
196,Department of Integrative Biology,1957/52699,654,Faculty Research Publications (Integrative Biology),1957/52700,,Integrative Biology,,Default,,
106,Department of Mathematics,1957/13737,300,Faculty Research Publications (Mathematics),1957/13818,,Mathematics,,Default,,
106,Department of Mathematics,1957/13737,385,Master's Theses (Mathematics),1957/16491,,Mathematics,,Graduate Thesis or Dissertation,,
106,Department of Mathematics,1957/13737,362,Ph.D. Theses (Mathematics),1957/15739,,Mathematics,,Graduate Thesis or Dissertation,,
106,Department of Mathematics,1957/13737,397,Student Research Papers (Mathematics),1957/17264,,Mathematics,,Undergraduate Thesis or Project,,
106,Department of Mathematics,1957/13737,296,Technical Reports (Mathematics),1957/13738,,Mathematics,,Technical Report,,
145,Department of Medical Physics,1957/19605,444,Medical Physics (Theses and Dissertations),1957/19606,,Medical Physics,,Graduate Thesis or Dissertation,,
75,Department of Microbiology,1957/9972,169,Faculty Research Publications (Microbiology),1957/9973,,Microbiology,,Default,,
75,Department of Microbiology,1957/9972,418,"Theses, Dissertations and Student Research Papers (Microbiology)",1957/18388,,Microbiology,,,,Need information about types of items in collection
79,Department of Music,1957/10687,553,Faculty Research Publications (Music),1957/31706,,Music,,Default,,
79,Department of Music,1957/10687,181,Historical Records (Music),1957/10688,,Music,,Default,,
136,Department of Nuclear Engineering and Radiation Health Physics,1957/18496,427,Theses and Dissertations (Nuclear Engineering and Radiation Health Physics),1957/18497,,Nuclear Engineering and Radiation Health Physics,,Graduate Thesis or Dissertation,,
162,Department of Nutrition,1957/25873,552,Faculty Research Publications (Nutrition),1957/31643,,Nutrition,,Default,,
162,Department of Nutrition,1957/25873,494,Theses and Dissertations (Nutrition),1957/25874,,Nutrition,,Graduate Thesis or Dissertation,,
152,Department of Philosophy,1957/21416,463,Faculty Research Publications (Philosophy),1957/21417,,Philosophy,,Default,,
108,Department of Physics,1957/13831,301,Faculty Research Publications (Physics),1957/13832,,Physics,,Default,,
108,Department of Physics,1957/13831,409,"Theses, Dissertations and Student Research Papers (Physics)",1957/18070,,Physics,,,,Need information about types of items in collection
88,Department of Public Health,1957/11402,582,Faculty Research Publications (Public Health),1957/36851,,Public Health,,Default,,
88,Department of Public Health,1957/11402,445,Theses and Dissertations (Public Health),1957/19679,,Public Health,,Graduate Thesis or Dissertation,,
58,Department of Rangeland Ecology and Management,1957/7887,522,Faculty Research Publications (Rangeland Ecology and Management),1957/29210,,Rangeland Ecology and Management,,Default,,
58,Department of Rangeland Ecology and Management,1957/7887,125,"Theses, Dissertations and Student Research Papers (Rangeland Ecology and Management & Rangeland Resources)",1957/7888,,Rangeland Ecology and Management,,,,Need information about types of items in collection
64,Department of Science and Mathematics Education,1957/8307,506,Faculty Posters and Presentations (Science and Mathematics Education),1957/28268,,Science and Mathematics Education,,Default,,
64,Department of Science and Mathematics Education,1957/8307,498,Faculty Research Publications (Science and Mathematics Education),1957/27258,,Science and Mathematics Education,,Default,,
64,Department of Science and Mathematics Education,1957/8307,141,Free Choice Learning,1957/8308,,Science and Mathematics Education,,Default,,
64,Department of Science and Mathematics Education,1957/8307,457,"Theses, Dissertations and Student Research Papers (Science and Mathematics Education)",1957/21289,,Science and Mathematics Education,,,,Need information about types of items in collection
167,Department of Sociology,1957/28891,521,Faculty Research Publications (Sociology),1957/28892,,Sociology,,Default,,
89,Department of Speech Communication,1957/11957,567,Faculty Research Publications (Speech Communication),1957/35539,,Speech Communication,,Default,,
89,Department of Speech Communication,1957/11957,222,"Theses, Dissertations and Student Research Papers (Speech Communication)",1957/11960,,Speech Communication,,,,Need information about types of items in collection
134,Department of Statistics,1957/18467,527,Faculty Research Publications (Statistics),1957/29656,,Statistics,,Default,,
134,Department of Statistics,1957/18467,421,Theses and Dissertations (Statistics),1957/18468,,Statistics,,Graduate Thesis or Dissertation,,
141,Department of Toxicology,1957/18862,434,Theses and Dissertations (Toxicology),1957/18863,,Toxicology,,Graduate Thesis or Dissertation,,
138,"Department of Women, Gender and Sexuality",1957/18602,429,"Faculty Research Publications (Women, Gender and Sexuality)",1957/18603,,"Women, Gender, and Sexuality",,Default,,
44,Department of Wood Science & Engineering,1957/4573,474,Faculty Research Publications (Wood Science & Engineering),1957/22029,,Wood Science and Engineering,,Default,,
44,Department of Wood Science & Engineering,1957/4573,121,"Theses, Dissertations and Student Research Papers (Wood Science)",1957/7820,,Wood Science and Engineering,,,,Need information about types of items in collection
44,Department of Wood Science & Engineering,1957/4573,95,Western Dry Kiln Association Proceedings,1957/4574,,Wood Science and Engineering,,Conference Proceedings or Journal,,
97,Department of Zoology,1957/12721,407,"Theses, Dissertations and Student Research Papers (Zoology)",1957/17891,,Zoology,,,,Need information about types of items in collection
188,"Difference, Power and Discrimination",1957/46366,622,"Learning Objects (Difference, Power and Discrimination)",1957/46898,,,,Open Educational resource,,
10,Electronic Theses and Dissertations,1957/88,17,Electronic Theses and Dissertations,1957/89,,,Graduate School,Graduate Thesis or Dissertation,,
171,Engineering Experiment Station,1957/30412,538,Engineering Experiment Station -- Bulletins / Bulletin Series,1957/30413,,,Engineering Experiment Station,Technical Report,,
171,Engineering Experiment Station,1957/30412,547,Engineering Experiment Station -- Circular / Circular Series,1957/30842,,,Engineering Experiment Station,Technical Report,,
119,Environmental Science Program,1957/15880,436,Faculty Research Publications (Environmental Science Program),1957/19065,,,,Default,,
119,Environmental Science Program,1957/15880,419,MS Non-Thesis Papers (Environmental Science Program),1957/18402,,,,Graduate Project,,
119,Environmental Science Program,1957/15880,364,Theses and Dissertations (Environmental Science Program),1957/15881,,,,Graduate Thesis or Dissertation,,
47,Ethnographic Field School (ANTH 499/599),1957/6367,161,Field School Papers (ANTH 499/599),1957/9248,,Anthropology,,Undergraduate Thesis or Project,,
47,Ethnographic Field School (ANTH 499/599),1957/6367,97,Media Projects (ANTH 499/599),1957/6368,,Anthropology,,Undergraduate Thesis or Project,,
47,Ethnographic Field School (ANTH 499/599),1957/6367,98,Transcripts (ANTH 499/599),1957/6369,,Anthropology,,Undergraduate Thesis or Project,,
211,Extended Campus (Ecampus),1957/59941,690,Faculty Posters and Presentations (Extended Campus),1957/59944,,,Extended Campus,Default,,
211,Extended Campus (Ecampus),1957/59941,689,Faculty Research Publications (Extended Campus),1957/59943,,,Extended Campus,Default,,
40,Extension Service and Agricultural Experiment Station,1957/3904,215,4-H,1957/11814,,,Extension Service and Agricultural Experiment Station,Technical Report,,
40,Extension Service and Agricultural Experiment Station,1957/3904,232,Agricultural Experiment Station -- Bulletins / Station Bulletins,1957/12080,,,Extension Service and Agricultural Experiment Station,Administrative Report or Publication,,
40,Extension Service and Agricultural Experiment Station,1957/3904,223,Agricultural Experiment Station -- Circulars of Information,1957/11961,,,Extension Service and Agricultural Experiment Station,Administrative Report or Publication,,
40,Extension Service and Agricultural Experiment Station,1957/3904,103,Agricultural Experiment Station -- Station Circulars,1957/6760,,,Extension Service and Agricultural Experiment Station,Administrative Report or Publication,,
40,Extension Service and Agricultural Experiment Station,1957/3904,143,Agricultural Experiment Station -- Technical Bulletins,1957/8330,,,Extension Service and Agricultural Experiment Station,Technical Report,,
40,Extension Service and Agricultural Experiment Station,1957/3904,391,"Agricultural Experiment Station and Extension Service -- Brief Series, Books and Pamphlets",1957/17022,,,Extension Service and Agricultural Experiment Station,Administrative Report or Publication,,
40,Extension Service and Agricultural Experiment Station,1957/3904,90,Agricultural Experiment Station and Extension Service -- Special Reports,1957/3905,,,Extension Service and Agricultural Experiment Station,Administrative Report or Publication,,
40,Extension Service and Agricultural Experiment Station,1957/3904,484,Annual report of the Oregon Agricultural College and Experiment Station,1957/23675,,,Extension Service and Agricultural Experiment Station,Administrative Report or Publication,,
40,Extension Service and Agricultural Experiment Station,1957/3904,101,Extension Service -- Bulletins / Extension Bulletins,1957/6758,,,Extension Service and Agricultural Experiment Station,Administrative Report or Publication,,
40,Extension Service and Agricultural Experiment Station,1957/3904,218,Extension Service -- Circulars / Extension Circulars,1957/11938,,,Extension Service and Agricultural Experiment Station,Administrative Report or Publication,,
40,Extension Service and Agricultural Experiment Station,1957/3904,363,Extension Service -- Fact Sheets,1957/15742,,,Extension Service and Agricultural Experiment Station,Administrative Report or Publication,,
40,Extension Service and Agricultural Experiment Station,1957/3904,452,Extension Service -- Fertilizer Guides,1957/20533,,,Extension Service and Agricultural Experiment Station,Administrative Report or Publication,,
40,Extension Service and Agricultural Experiment Station,1957/3904,231,Extension Service -- Miscellaneous / Educational Materials,1957/12079,,,Extension Service and Agricultural Experiment Station,Open Educational resource,,
40,Extension Service and Agricultural Experiment Station,1957/3904,224,Extension Service -- Pacific Northwest Extension Publishing,1957/11962,,,Extension Service and Agricultural Experiment Station,Administrative Report or Publication,,
40,Extension Service and Agricultural Experiment Station,1957/3904,273,Marine Economics Data Sheets,1957/13169,,,Extension Service and Agricultural Experiment Station,Technical Report,,
40,Extension Service and Agricultural Experiment Station,1957/3904,275,Oregon Counties Long-Range Planning Conference Reports,1957/13273,,,Extension Service and Agricultural Experiment Station,Administrative Report or Publication,,
40,Extension Service and Agricultural Experiment Station,1957/3904,554,Oregon State Agricultural College -- Report / Director's Report,1957/31759,,,Extension Service and Agricultural Experiment Station,Administrative Report or Publication,,
40,Extension Service and Agricultural Experiment Station,1957/3904,208,Oregon Vegetable Digest,1957/11557,,,Extension Service and Agricultural Experiment Station,Administrative Report or Publication,,
40,Extension Service and Agricultural Experiment Station,1957/3904,491,Oregon's Agricultural Progress,1957/24290,,,Extension Service and Agricultural Experiment Station,Technical Report,,
40,Extension Service and Agricultural Experiment Station,1957/3904,488,Range Plant Leaflet,1957/24034,,,Extension Service and Agricultural Experiment Station,Administrative Report or Publication,,
40,Extension Service and Agricultural Experiment Station,1957/3904,489,Sea Grant/Marine Advisory Program,1957/24213,,,Extension Service and Agricultural Experiment Station,Administrative Report or Publication,,
40,Extension Service and Agricultural Experiment Station,1957/3904,486,Volcanic Ash Information,1957/23718,,,Extension Service and Agricultural Experiment Station,Technical Report,,
40,Extension Service and Agricultural Experiment Station,1957/3904,485,Western Regional Agricultural Engineering Service,1957/23686,,,Extension Service and Agricultural Experiment Station,Technical Report,,
40,Extension Service and Agricultural Experiment Station,1957/3904,487,Western Regional Extension Publication,1957/23720,,,Extension Service and Agricultural Experiment Station,Technical Report,,
122,Facilities Services,1957/16345,381,Plans and Reports (Facilities Services),1957/16346,,,,Technical Report,,
33,Faculty Research,1957/3004,84,Faculty Research Publications (Cascades),1957/3005,,,OSU Cascades,Default,,
33,Faculty Research,1957/3004,85,Presentations and Posters (Cascades),1957/3006,,,OSU Cascades,Default,,
209,Faculty Research,1957/59893,686,Presentations and Posters (College of Science),1957/59894,College of Science,,,Default,,
54,Forest Research Laboratory,1957/7543,556,Annual / Biennial Report (Oregon State University. Forest Research Laboratory),1957/31836,College of Forestry,,,Administrative Report or Publication,,
54,Forest Research Laboratory,1957/7543,163,Annual Reports. Utility Pole Research Cooperative,1957/9255,College of Forestry,,,Administrative Report or Publication,,
54,Forest Research Laboratory,1957/7543,184,Bibliographic Series (Forest Research Laboratory),1957/10767,College of Forestry,,,Technical Report,,
54,Forest Research Laboratory,1957/7543,168,Bulletin (Forest Research Laboratory),1957/9954,College of Forestry,,,Technical Report,,
54,Forest Research Laboratory,1957/7543,237,Case Studies (Forest Research Laboratory),1957/12199,College of Forestry,,,Technical Report,,
54,Forest Research Laboratory,1957/7543,658,Case Study Briefs (Forest Research Laboratory),1957/55772,College of Forestry,,,Technical Report,,
54,Forest Research Laboratory,1957/7543,238,Contributions in Education and Outreach (Forest Research Laboratory),1957/12219,College of Forestry,,,Technical Report,,
54,Forest Research Laboratory,1957/7543,624,FIR Report,1957/47557,College of Forestry,,,Technical Report,,
54,Forest Research Laboratory,1957/7543,174,Hill Family Foundation Series,1957/10070,College of Forestry,,,Technical Report,,
54,Forest Research Laboratory,1957/7543,199,Index of Selected Journal Articles Pertaining to the Forest Products Industries,1957/11277,College of Forestry,,,Technical Report,,
54,Forest Research Laboratory,1957/7543,173,Information Circular (Forest Research Laboratory),1957/10069,College of Forestry,,,Technical Report,,
54,Forest Research Laboratory,1957/7543,239,Papers in Forest Policy,1957/12222,College of Forestry,,,Technical Report,,
54,Forest Research Laboratory,1957/7543,170,Report C,1957/10064,College of Forestry,,,Technical Report,,
54,Forest Research Laboratory,1957/7543,171,Report D,1957/10067,College of Forestry,,,Technical Report,,
54,Forest Research Laboratory,1957/7543,172,Report G,1957/10068,College of Forestry,,,Technical Report,,
54,Forest Research Laboratory,1957/7543,116,Research Bulletin (Forest Research Laboratory),1957/7547,College of Forestry,,,Technical Report,,
54,Forest Research Laboratory,1957/7543,117,Research Contribution (Forest Research Laboratory),1957/7548,College of Forestry,,,Technical Report,,
54,Forest Research Laboratory,1957/7543,657,Research Contribution Summaries (Forest Research Laboratory),1957/55771,College of Forestry,,,Technical Report,,
54,Forest Research Laboratory,1957/7543,114,Research Note (Forest Research Laboratory),1957/7544,College of Forestry,,,Technical Report,,
54,Forest Research Laboratory,1957/7543,115,Research Paper (Forest Research Laboratory),1957/7545,College of Forestry,,,Technical Report,,
54,Forest Research Laboratory,1957/7543,555,Special Publication,1957/31834,College of Forestry,,,Technical Report,,
54,Forest Research Laboratory,1957/7543,635,Vegetation Management Research Cooperative (formerly CRAFTS) Reports,1957/48176,College of Forestry,,,Technical Report,,
20,Geography,1957/1721,55,Course Materials (Geography),1957/1725,,Geography,,Open Educational resource,,
20,Geography,1957/1721,54,"Theses, Dissertations and Student Research Papers (Geography)",1957/1723,,Geography,,,,Need information about types of items in collection
59,Geology,1957/7889,126,"Theses, Dissertations and Student Research Papers (Geology)",1957/7890,,Geology,,,,Need information about types of items in collection
15,Hatfield Marine Science Center,1957/1317,481,Administrative Documents (Hatfield Marine Science Center),1957/22850,,,Hatfield Marine Science Center,Administrative Report or Publication,,
15,Hatfield Marine Science Center,1957/1317,39,Faculty and HMSC Affilliated Research Publications (Hatfield Marine Science Center),1957/1320,,,Hatfield Marine Science Center,Default,,
15,Hatfield Marine Science Center,1957/1317,482,Technical Reports (Hatfield Marine Science Center),1957/22851,,,Hatfield Marine Science Center,Technical Report,,
15,Hatfield Marine Science Center,1957/1317,295,"Theses, Dissertations and Student Research Papers (Hatfield Marine Science Center)",1957/13727,,,Hatfield Marine Science Center,,,Need information about types of items in collection
15,Hatfield Marine Science Center,1957/1317,297,Yaquina Bay Environmental Sampling Workshop,1957/13747,,,Hatfield Marine Science Center,Technical Report,,
109,HMSC Administrative Work,1957/13844,302,"HMSC Admistrative Reports, Plans and Documents",1957/13845,,,Hatfield Marine Science Center,Technical Report,,
109,HMSC Administrative Work,1957/13844,37,HMSC Facilities and Physical Planning,1957/1318,,,Hatfield Marine Science Center,Administrative Report or Publication,,
116,Honors College Publications,1957/15190,350,Chronicle,1957/15192,,,Honors College,Administrative Report or Publication,,
116,Honors College Publications,1957/15190,349,Honors Link,1957/15191,,,Honors College,Administrative Report or Publication,,
84,Independent Multidisciplinary Science Team (IMST),1957/11269,196,Reports (Independent Multidisciplinary Science Team),1957/11271,,,,Technical Report,,
206,Information Services,1957/58587,680,Reports (Information Services),1957/58588,,,,Technical Report,,
6,Institute for Natural Resources (INR),1957/11,4,Publications and Reports (INR),1957/12,,,Institute for Natural Resources,Technical Report,,
49,Interdisciplinary Studies,1957/7144,108,Master of Art in Interdisciplinary Studies Theses and Student Research Papers (MAIS),1957/7145,,,,Graduate Thesis or Dissertation,,
23,Library Committee,1957/1747,58,Departmental Publication Reviews (Faculty Senate Library Committee),1957/1749,,,Faculty Senate Library Committee,Technical Report,,
23,Library Committee,1957/1747,57,"Reports, Articles and Presentations (Faculty Senate Library Committee)",1957/1748,,,Faculty Senate Library Committee,Technical Report,,
179,Linus Pauling Institute,1957/36900,583,Faculty Research Publications (Linus Pauling Institute),1957/36901,,,Linus Pauling Institutte,Default,,
102,Marine Renewable Energy,1957/13496,235,Northwest National Marine Renewable Energy Center (NNMREC) Publications,1957/12131,,,Northwest National Marine Renewable Energy Center (NNMREC) Publications,Technical Report,,
102,Marine Renewable Energy,1957/13496,581,Oregon Marine Renewable Energy Environmental Science Conference Proceedings,1957/36597,,,Oregon Marine Renewable Energy Environmental Science Conference Proceedings,Technical Report,,
102,Marine Renewable Energy,1957/13496,358,Oregon Wave Energy Trust,1957/15497,,,Oregon Wave Energy Trust,Technical Report,,
199,NAAFE Forum 2015,1957/56425,662,Conference Materials (NAAFE Forum 2015),1957/56427,,,,Conference Proceedings or Journal,,Conference Proceedings and Journals
199,NAAFE Forum 2015,1957/56425,663,Conference Papers and Presentations (NAAFE Forum 2015),1957/56428,,,,Conference Proceedings or Journal,,Conference Proceedings and Journals
4,Natural Resources,1957/5,106,"Biennial Conference on University Education in Natural Resources. (7th : 2008, Corvallis, OR)",1957/7138,,,,Conference Proceedings or Journal,,Conference Proceedings and Journals
4,Natural Resources,1957/5,111,Coniferous Forest Biome (International Biological Program),1957/7483,,,,Default,,
4,Natural Resources,1957/5,158,Gerald W. Williams Collection,1957/9112,,,,Default,,
4,Natural Resources,1957/5,129,Journal of Oregon Ornithology,1957/7951,,,,Conference Proceedings or Journal,,Conference Proceedings and Journals
4,Natural Resources,1957/5,11,Oregon Explorer,1957/29,,,Oregon Explorer,Default,,
4,Natural Resources,1957/5,156,Oregon Explorer Stories,1957/8975,,,Oregon Explorer,Default,,
4,Natural Resources,1957/5,138,Studies in Oregon Ornithology/Yaquina Studies in Natural History,1957/8288,,,,Default,,
4,Natural Resources,1957/5,77,The Ore Bin,1957/2239,,,,Administrative Report or Publication,,
4,Natural Resources,1957/5,476,The Oregon Water Conference 2011: Evaluating and Managing Water Resources in a Climate of Uncertainty,1957/22232,,,,Conference Proceedings or Journal,,
4,Natural Resources,1957/5,18,U.S. Forest Service Research Legacy,1957/93,,,,Default,,
26,Office of Institutional Research,1957/1905,517,Common Data Set,1957/28861,,,,Administrative Report or Publication,,Administrative Reports and Publications
26,Office of Institutional Research,1957/1905,69,Employment Reports (Institutional Research),1957/1918,,,,Administrative Report or Publication,,Administrative Reports and Publications
26,Office of Institutional Research,1957/1905,63,Enrollment Reports (Institutional Research),1957/1906,,,,Administrative Report or Publication,,Administrative Reports and Publications
26,Office of Institutional Research,1957/1905,497,Fact Books (Institutional Research),1957/26926,,,,Administrative Report or Publication,,Administrative Reports and Publications
26,Office of Institutional Research,1957/1905,516,Faculty Reports,1957/28860,,,,Administrative Report or Publication,,Administrative Reports and Publications
26,Office of Institutional Research,1957/1905,68,Graduation Reports (Institutional Research),1957/1917,,,,Administrative Report or Publication,,Administrative Reports and Publications
26,Office of Institutional Research,1957/1905,67,Migration Reports (Institutional Research),1957/1916,,,,Administrative Report or Publication,,Administrative Reports and Publications
26,Office of Institutional Research,1957/1905,518,Organizational Charts,1957/28862,,,,Administrative Report or Publication,,Administrative Reports and Publications
26,Office of Institutional Research,1957/1905,519,Peer Institutions,1957/28863,,,,Administrative Report or Publication,,Administrative Reports and Publications
26,Office of Institutional Research,1957/1905,64,Retention Reports (Institutional Research),1957/1913,,,,Administrative Report or Publication,,Administrative Reports and Publications
26,Office of Institutional Research,1957/1905,514,Strategic Indicators,1957/28856,,,,Administrative Report or Publication,,Administrative Reports and Publications
26,Office of Institutional Research,1957/1905,515,Student Credit Hour Reports,1957/28859,,,,Administrative Report or Publication,,Administrative Reports and Publications
17,"Office of Student Affairs Research, Evaluation, and Planning",1957/1344,595,Annual Reports,1957/38414,,,,Administrative Report or Publication,,Administrative Reports and Publications
17,"Office of Student Affairs Research, Evaluation, and Planning",1957/1344,51,Assessment (Student Affairs Research and Evaluation),1957/1478,,,,Administrative Report or Publication,,Administrative Reports and Publications
17,"Office of Student Affairs Research, Evaluation, and Planning",1957/1344,586,Assessment Council (Student Affairs Research and Evaluation),1957/37879,,,,Administrative Report or Publication,,Administrative Reports and Publications
17,"Office of Student Affairs Research, Evaluation, and Planning",1957/1344,587,Beginning College Survey of Student Engagement (Student Affairs Research and Evaluation),1957/38020,,,,Administrative Report or Publication,,Administrative Reports and Publications
17,"Office of Student Affairs Research, Evaluation, and Planning",1957/1344,45,Cooperative Institutional Research Program Reports,1957/1345,,,,Administrative Report or Publication,,Administrative Reports and Publications
17,"Office of Student Affairs Research, Evaluation, and Planning",1957/1344,148,Entering Student Survey Reports,1957/8671,,,,Administrative Report or Publication,,Administrative Reports and Publications
17,"Office of Student Affairs Research, Evaluation, and Planning",1957/1344,46,Faculty Survey of Student Engagement Reports,1957/1346,,,,Administrative Report or Publication,,Administrative Reports and Publications
17,"Office of Student Affairs Research, Evaluation, and Planning",1957/1344,592,Highlights Report Data Requirements,1957/38365,,,,Administrative Report or Publication,,Administrative Reports and Publications
17,"Office of Student Affairs Research, Evaluation, and Planning",1957/1344,94,Multi-Institutional Leadership Survey (MLS),1957/4570,,,,Administrative Report or Publication,,Administrative Reports and Publications
17,"Office of Student Affairs Research, Evaluation, and Planning",1957/1344,47,National Survey of Student Engagement Reports,1957/1347,,,,Administrative Report or Publication,,Administrative Reports and Publications
17,"Office of Student Affairs Research, Evaluation, and Planning",1957/1344,49,OSU Perspective,1957/1349,,,,Administrative Report or Publication,,Administrative Reports and Publications
17,"Office of Student Affairs Research, Evaluation, and Planning",1957/1344,48,Your First College Year Reports,1957/1348,,,,Administrative Report or Publication,,Administrative Reports and Publications
186,Open Access Articles,1957/43908,619,Open Access Articles (OSU Faculty),1957/43909,,,,Faculty Article - OA Policy Implementation,,
204,Open Educational Resources,1957/57911,677,Open Educational Resources,1957/57915,,,,Open Educational resource,,
7,Oregon Biodiversity Information Center (ORBIC),1957/27,10,Publications and Reports (ORBIC),1957/28,,,Oregon Department of Fish and Wildlife,Technical Report,,
125,Oregon Department of Fish and Wildlife,1957/16917,75,Oregon Department of Fish and Wildlife Annual/Biennial Reports,1957/2079,,,Oregon Department of Fish and Wildlife,Technical Report,,Administrative Reports and Publications
125,Oregon Department of Fish and Wildlife,1957/16917,443,Oregon Department of Fish and Wildlife Project Reports,1957/19575,,,Oregon Department of Fish and Wildlife,Technical Report,,
125,Oregon Department of Fish and Wildlife,1957/16917,387,Oregon Fish Commission Contributions,1957/16918,,,Oregon Department of Fish and Wildlife,Technical Report,,
125,Oregon Department of Fish and Wildlife,1957/16917,442,Oregon Fish Commission Miscellaneous Documents,1957/19550,,,Oregon Department of Fish and Wildlife,Technical Report,,
125,Oregon Department of Fish and Wildlife,1957/16917,388,Oregon Fish Commission Research Briefs,1957/16920,,,Oregon Department of Fish and Wildlife,Technical Report,,
125,Oregon Department of Fish and Wildlife,1957/16917,396,Oregon Fish Commission Research Reports,1957/17158,,,Oregon Department of Fish and Wildlife,Technical Report,,
125,Oregon Department of Fish and Wildlife,1957/16917,640,Oregon Wildlife,1957/48830,,,Oregon Department of Fish and Wildlife,Technical Report,,
155,Oregon Estuaries,1957/21994,468,Alsea Basin Resources,1957/21995,,,,Technical Report,,
155,Oregon Estuaries,1957/21994,682,Columbia Basin Resources,1957/59005,,,,Technical Report,,
155,Oregon Estuaries,1957/21994,469,Netarts Bay Resources,1957/21996,,,,Technical Report,,
155,Oregon Estuaries,1957/21994,564,Oregon Estuaries General Resources,1957/35394,,,,Technical Report,,
155,Oregon Estuaries,1957/21994,470,Salmon River / Cascade Head Resources,1957/21998,,,,Technical Report,,
155,Oregon Estuaries,1957/21994,565,Tillamook Bay Resources,1957/35395,,,,Technical Report,,
155,Oregon Estuaries,1957/21994,471,Umpqua Basin Resources,1957/21999,,,,Technical Report,,
155,Oregon Estuaries,1957/21994,38,Yaquina Bay Resources,1957/1319,,,,Technical Report,,
184,Oregon Game Commission Publications,1957/43060,683,Fishery Research Reports,1957/59565,,,,Technical Report,,
184,Oregon Game Commission Publications,1957/43060,608,Habitat Improvement Project,1957/43062,,,,Technical Report,,
184,Oregon Game Commission Publications,1957/43060,607,Oregon Game Commission Bulletin,1957/43061,,,,Technical Report,,
194,Oregon Hops and Brewing Archives,1957/49145,649,Hop press,1957/50989,,,,Administrative Report or Publication,,
194,Oregon Hops and Brewing Archives,1957/49145,643,Hops Research Reports,1957/49146,,,,Technical Report,,
183,Oregon Sea Grant,1957/42614,603,Faculty Research Publications (Oregon Sea Grant),1957/42617,,,,Default,,
107,Oregon State Arthropod Collection,1957/13788,298,Beetles of the Pacific Northwest,1957/13789,,,Oregon State Arthropod Collection,Technical Report,,
205,Oregon Wine Research Institiute,1957/58155,678,Oregon Wine Research Institute,1957/58156,,,Oregon Wine Research Institute,Technical Report,,
165,OSU Cultural Resource Centers,1957/27565,639,Asian & Pacific Cultural Center,1957/48655,,,,Technical Report,,
165,OSU Cultural Resource Centers,1957/27565,656,Black Cultural Center,1957/54942,,,,Technical Report,,
165,OSU Cultural Resource Centers,1957/27565,585,Native American Longhouse,1957/37459,,,,Technical Report,,
165,OSU Cultural Resource Centers,1957/27565,659,Women's Center,1957/55778,,,,Technical Report,,
140,OSU Press,1957/18856,433,Open Access Books (OSU Press),1957/18857,,,OSU Press,Technical Report,,
140,OSU Press,1957/18856,642,Open Access Textbook Initiative,1957/49074,,,OSU Press,Technical Report,,
140,OSU Press,1957/18856,441,Supplementary Material (OSU Press),1957/19542,,,OSU Press,Technical Report,,
178,OSU's WWII Era Japanese American Students,1957/36408,577,"A. President's Office Records (RG 13), 1941-1942",1957/36409,,,,Administrative Report or Publication,,
178,OSU's WWII Era Japanese American Students,1957/36408,578,"B. OSU Daily Barometer Articles, 1942",1957/36410,,,,Administrative Report or Publication,,
178,OSU's WWII Era Japanese American Students,1957/36408,580,"C. Oregon Stater Article, 1995",1957/36492,,,,Administrative Report or Publication,,
178,OSU's WWII Era Japanese American Students,1957/36408,579,"D. Honorary Degrees, 2007-2008",1957/36411,,,,Administrative Report or Publication,,
45,President's Office,1957/4839,270,Addresses and Speeches (President's Office),1957/12969,,,President's Office,Administrative Report or Publication,,Administrative Reports and Publications
45,President's Office,1957/4839,268,Office of Government Relations,1957/12945,,,President's Office,Administrative Report or Publication,,Administrative Reports and Publications
45,President's Office,1957/4839,96,Reports and Initiatives,1957/4840,,,President's Office,Administrative Report or Publication,,Administrative Reports and Publications
169,Professional Science Master's Program,1957/29546,525,Final Reports  (Professional Science Master's Programs),1957/29547,,,,Graduate Project,,
85,Program in Water Conflict Management and Transformation,1957/11272,197,Transboundary Freshwater Dispute Database Publications,1957/11273,,,,Graduate Thesis or Dissertation,,Only five documents here and they are all TDs
28,Registrar's Office,1957/2049,72,Academic Standing Reports,1957/2050,,,Registrar's Office,Administrative Report or Publication,,Administrative Reports and Publications
28,Registrar's Office,1957/2049,120,General Catalog,1957/7553,,,Registrar's Office,Administrative Report or Publication,,Administrative Reports and Publications
28,Registrar's Office,1957/2049,192,Registration Information Handbook,1957/11120,,,Registrar's Office,Administrative Report or Publication,,Administrative Reports and Publications
28,Registrar's Office,1957/2049,671,Schedule of Classes  (Eastern Oregon University Campus),1957/57291,,,Registrar's Office,Administrative Report or Publication,,Administrative Reports and Publications
28,Registrar's Office,1957/2049,178,Schedule of Classes (Cascades Campus),1957/10546,,,Registrar's Office,Administrative Report or Publication,,Administrative Reports and Publications
28,Registrar's Office,1957/2049,167,Schedule of Classes (Corvallis Campus),1957/9931,,,Registrar's Office,Administrative Report or Publication,,Administrative Reports and Publications
28,Registrar's Office,1957/2049,179,Schedule of Classes (Extended Campus),1957/10547,,,Registrar's Office,Administrative Report or Publication,,Administrative Reports and Publications
28,Registrar's Office,1957/2049,600,Schedule of Classes (Hatfield Marine Science Center Campus),1957/42295,,,Registrar's Office,Administrative Report or Publication,,Administrative Reports and Publications
18,Research Communications,1957/1422,50,Terra: A world of research and creativity at Oregon State University,1957/1423,,,Registrar's Office,Administrative Report or Publication,,Administrative Reports and Publications
65,Rural Studies Program,1957/8335,194,Community Studies (Rural Studies Program),1957/11173,,,Rural Studies Program,Technical Report,,Administrative Reports and Publications
65,Rural Studies Program,1957/8335,147,Conference Proceedings (Rural Studies Program),1957/8654,,,Rural Studies Program,Conference Proceedings or Journal,,Conference Proceedings and Journals
65,Rural Studies Program,1957/8335,193,Fact Sheets (Rural Studies Program),1957/11172,,,Rural Studies Program,Administrative Report or Publication,,Administrative Reports and Publications
65,Rural Studies Program,1957/8335,150,Faculty Research Publications (Rural Studies Program),1957/8738,,,Rural Studies Program,Default,,Administrative Reports and Publications
65,Rural Studies Program,1957/8335,154,Historical Documents (Rural Studies Program),1957/8742,,,Rural Studies Program,Technical Report,,Administrative Reports and Publications
65,Rural Studies Program,1957/8335,152,Newsletters (Rural Studies Program),1957/8740,,,Rural Studies Program,Administrative Report or Publication,,Administrative Reports and Publications
65,Rural Studies Program,1957/8335,166,Oregon County Resource Atlas,1957/9586,,,Rural Studies Program,Administrative Report or Publication,,Administrative Reports and Publications
65,Rural Studies Program,1957/8335,151,Presentations and Posters (Rural Studies Program),1957/8739,,,Rural Studies Program,Technical Report,,Administrative Reports and Publications
65,Rural Studies Program,1957/8335,153,Stories (Rural Studies Program),1957/8741,,,Rural Studies Program,Technical Report,,Administrative Reports and Publications
65,Rural Studies Program,1957/8335,149,White Papers (Rural Studies Program),1957/8737,,,Rural Studies Program,Technical Report,,Administrative Reports and Publications
73,Rural-Urban Connections,1957/9951,180,Papers (Rural-Urban Connections),1957/10572,,,,Technical Report,,
121,"School of Chemical, Biological and Environmental Engineering",1957/16183,380,"Faculty Research Publications (School of Chemical, Biological and Environmental Engineering)",1957/16184,,,,Default,,
121,"School of Chemical, Biological and Environmental Engineering",1957/16183,420,"Theses and Dissertations (School of Chemical, Biological and Environmental Engineering)",1957/18466,,"School of Chemical, Biological and Environmental Engineering",,Graduate Thesis or Dissertation,,
158,School of Civil and Construction Engineering,1957/22529,505,Faculty Research Publications (Civil and Construction Engineering),1957/28193,,School of Civil and Construction Engineering,,Default,,
158,School of Civil and Construction Engineering,1957/22529,495,MS non-thesis Research Papers (Civil and Construction Engineering),1957/26311,,School of Civil and Construction Engineering,,Graduate Project,,
158,School of Civil and Construction Engineering,1957/22529,479,Theses and Dissertations (Civil and Construction Engineering),1957/22531,,School of Civil and Construction Engineering,,Graduate Thesis or Dissertation,,
50,School of Electrical Engineering and Computer Science,1957/7302,361,Compendium of Computer Science Doctoral Qualifying Exams,1957/15731,,School of Electrical Engineering and Computer Science,,Default,,
50,School of Electrical Engineering and Computer Science,1957/7302,109,Faculty Research Publications (Electrical Engineering and Computer Science),1957/7303,,School of Electrical Engineering and Computer Science,,Default,,
50,School of Electrical Engineering and Computer Science,1957/7302,214,Honors Theses (EECS),1957/11786,,School of Electrical Engineering and Computer Science,,Undergraduate Thesis or Project,,
50,School of Electrical Engineering and Computer Science,1957/7302,175,MS non-thesis Research Papers (EECS),1957/10238,,School of Electrical Engineering and Computer Science,,Graduate Project,,
50,School of Electrical Engineering and Computer Science,1957/7302,140,Technical Reports (Electrical Engineering and Computer Science),1957/8305,,School of Electrical Engineering and Computer Science,,Technical Report,,
50,School of Electrical Engineering and Computer Science,1957/7302,136,Theses (Electrical Engineering and Computer Science),1957/8163,,School of Electrical Engineering and Computer Science,,,,Need information about types of items in collection
110,"School of Mechanical, Industrial & Manufacturing Engineering",1957/14319,310,"Faculty Research Publications (Mechanical, Industrial & Manufacturing Engineering)",1957/14320,,,,Default,,
110,"School of Mechanical, Industrial & Manufacturing Engineering",1957/14319,386,"Theses, Dissertations and Student Research Papers (Mechanical, Industrial & Manufacturing Engineering)",1957/16561,,"School of Mechanical, Industrial & Manufacturing Engineering",,,,Need information about types of items in collection
203,School of Nuclear Science and Engineering,1957/57713,675,Faculty Research Publications (Nuclear Science and Engineering),1957/57714,,School of Nuclear Science and Engineering,,Default,,
203,School of Nuclear Science and Engineering,1957/57713,676,Theses and Dissertations (Nuclear Science and Engineering),1957/57732,,School of Nuclear Science and Engineering,,Graduate Thesis or Dissertation,,
177,School of Psychological Science (Psychology),1957/36300,576,Faculty Research Publications (Psychology/Psychological Science),1957/36303,,Psychological Science,,Default,,
177,School of Psychological Science (Psychology),1957/36300,634,Presentations and Posters (Psychology/Psychological Science),1957/48140,,Psychological Science,,Default,,
177,School of Psychological Science (Psychology),1957/36300,679,Undergraduate Research Brown-Bag Symposium,1957/58422,,Psychological Science,,Undergraduate Thesis or Project,,
43,School of Public Policy,1957/4128,584,Faculty Research Publications (Public Policy),1957/37003,,Public Policy,,Default,,
43,School of Public Policy,1957/4128,92,Master of Public Policy Student Research Papers,1957/4129,,Public Policy,,Graduate Project,,
76,Serials,1957/10092,185,Annual Cruise (includes OAC Forestry Club Annual),1957/10778,,,,Administrative Report or Publication,,Conference Proceeding or Journal
76,Serials,1957/10092,206,Daily Barometer,1957/11410,,,,Administrative Report or Publication,,Conference Proceeding or Journal
76,Serials,1957/10092,211,"Imprint, Oregon",1957/11610,,,,Administrative Report or Publication,,Conference Proceeding or Journal
76,Serials,1957/10092,182,Lane County Historian,1957/10694,,,,Administrative Report or Publication,,Conference Proceeding or Journal
76,Serials,1957/10092,209,Oregon Motorist,1957/11608,,,,Administrative Report or Publication,,Conference Proceeding or Journal
76,Serials,1957/10092,210,Oregon Native Son,1957/11609,,,,Administrative Report or Publication,,Conference Proceeding or Journal
76,Serials,1957/10092,228,Oregon Oddities and Items of Interest,1957/12015,,,,Administrative Report or Publication,,Conference Proceeding or Journal
76,Serials,1957/10092,684,Pacifica Poetry International,1957/59591,,,,Administrative Report or Publication,,Conference Proceeding or Journal
76,Serials,1957/10092,548,Report of the President of the Oregon State Agricultural College -- Annual / Biennial,1957/31150,,,,Administrative Report or Publication,,Conference Proceeding or Journal
76,Serials,1957/10092,234,Timber Lines,1957/12130,,,,Administrative Report or Publication,,Conference Proceeding or Journal
76,Serials,1957/10092,186,Transactions of the Annual Re-union of the Oregon Pioneer Association,1957/10780,,,,Administrative Report or Publication,,Conference Proceeding or Journal
76,Serials,1957/10092,212,Wild Cascades,1957/11611,,,,Administrative Report or Publication,,Conference Proceeding or Journal
25,Special Collections & Archives Research Center,1957/1891,661,IRCO Asian Family Center Oral History Collection,1957/56025,,,,Default,,Moving to OD?
25,Special Collections & Archives Research Center,1957/1891,651,"Maud Wilson Papers, 1926-1951",1957/51981,,,,Default,,Moving to OD?
25,Special Collections & Archives Research Center,1957/1891,62,Media Services,1957/1894,,,,Default,,Moving to OD?
25,Special Collections & Archives Research Center,1957/1891,528,Minorities in the Barometer,1957/29755,,,,Default,,Moving to OD?
25,Special Collections & Archives Research Center,1957/1891,504,"MSS Ferguson, Ed Oregon Anti-Apartheid Scrapbook, 1980-1982",1957/28106,,,,Default,,Moving to OD?
25,Special Collections & Archives Research Center,1957/1891,617,MSS Thomas Kraemer,1957/43449,,,,Default,,Moving to OD?
25,Special Collections & Archives Research Center,1957/1891,621,Oregon Multicultural Archives Oral History Collection (OH 18),1957/46450,,,,Default,,Moving to OD?
25,Special Collections & Archives Research Center,1957/1891,562,Oregon Tribal Archives Institute 2012,1957/35377,,,,Default,,Moving to OD?
25,Special Collections & Archives Research Center,1957/1891,563,Student Work (Special Collections & Archives Research Center),1957/35393,,,,Default,,Moving to OD?
25,Special Collections & Archives Research Center,1957/1891,596,The Bobbie Nunn and Robert G. Ford Collection Documents,1957/38987,,,,Default,,Moving to OD?
25,Special Collections & Archives Research Center,1957/1891,503,The Scab Sheet,1957/27912,,,,Default,,Moving to OD?
13,"Student Affairs, Division of",1957/955,176,Historical Records (Student Affairs),1957/10261,,,Student Affairs,Administrative Report or Publication,,Administrative Reports and Publications
13,"Student Affairs, Division of",1957/955,591,Student Affairs Division Strategic Planning,1957/38364,,,Student Affairs,Administrative Report or Publication,,Administrative Reports and Publications
13,"Student Affairs, Division of",1957/955,590,Student Affairs Unit Review Guide (2012 update),1957/38356,,,Student Affairs,Administrative Report or Publication,,Administrative Reports and Publications
32,Student Research,1957/2871,79,Cascades Poster Session,1957/2872,,,OSU Cascades,Undergraduate Thesis or Project,,
32,Student Research,1957/2871,82,Theses (Cascades),1957/3002,,,OSU Cascades,Undergraduate Thesis or Project,,
149,Track and Field,1957/20816,454,Media Guides (Track and Field),1957/20817,,,,Default,,
5,Undergraduate Theses and Research,1957/7,660,Bioenergy Minor Program,1957/55786,,,Bioenergy Minor Program,Undergraduate Thesis or Project,,
5,Undergraduate Theses and Research,1957/7,20,Bioresource Research Theses,1957/456,,,Bioresource Research,Undergraduate Thesis or Project,,
5,Undergraduate Theses and Research,1957/7,459,Celebration of Undergraduate Excellence (CUE) Research Posters,1957/21372,,,Celebration of Undergraduate Excellence,Undergraduate Thesis or Project,,
5,Undergraduate Theses and Research,1957/7,3,Honors College Theses,1957/8,,,Honors College,Undergraduate Thesis or Project,,
5,Undergraduate Theses and Research,1957/7,86,International Degree Theses,1957/3013,,,,Undergraduate Thesis or Project,,
5,Undergraduate Theses and Research,1957/7,93,Library Undergraduate Research Awards,1957/4505,,,Library Undergraduate Research Awards,Undergraduate Thesis or Project,,
5,Undergraduate Theses and Research,1957/7,560,Undergraduate Research,1957/32832,,,,Undergraduate Thesis or Project,,
5,Undergraduate Theses and Research,1957/7,414,"Undergraduate Research, Scholarship and the Arts (URSA)",1957/18339,,,,Undergraduate Thesis or Project,,
105,University Housing & Dining Services,1957/13696,294,Experience of a Lifetime -- Student Blogs,1957/13697,,,University Housing & Dining Services,Administrative Report or Publication,,Administrative Reports and Publications
71,University Information Technology Committee,1957/9135,159,Reports,1957/9136,,,University Information Technology Committee,Administrative Report or Publication,,Administrative Reports and Publications
3,University Libraries,1957/3,14,"Brief Series, Books and Pamphlets",1957/83,,,University Libraries,Technical Report,,Conference Proceedings and Journals
3,University Libraries,1957/3,80,code4lib Conference 2006,1957/2933,,,University Libraries,Conference Proceedings or Journal,,
3,University Libraries,1957/3,1,Faculty Research Publications (Libraries),1957/4,,,University Libraries,Default,,
3,University Libraries,1957/3,8,Presentations and Posters (Libraries),1957/22,,,University Libraries,Default,,
3,University Libraries,1957/3,561,Purchased EResources,1957/33962,,,University Libraries,Technical Report,,Do these need a special Admin Set? There are ~450 of them
3,University Libraries,1957/3,9,Reports and White Papers (Libraries),1957/23,,,University Libraries,Technical Report,,Administrative Reports and Publications
3,University Libraries,1957/3,207,Robert Lundeen Library Faculty Development Award,1957/11415,,,University Libraries,Technical Report,,Administrative Reports and Publications
3,University Libraries,1957/3,19,The Messenger,1957/257,,,University Libraries,Administrative Report or Publication,,Administrative Reports and Publications
156,Urban League of Portland,1957/22017,472,"Constitution, Memos, Etc.",1957/22018,,,Urban League of Portland,Administrative Report or Publication,,Administrative Reports and Publications
156,Urban League of Portland,1957/22017,473,Meeting Minutes,1957/22019,,,Urban League of Portland,Administrative Report or Publication,,Administrative Reports and Publications
156,Urban League of Portland,1957/22017,599,Newsletters,1957/41359,,,Urban League of Portland,Administrative Report or Publication,,Administrative Reports and Publications
156,Urban League of Portland,1957/22017,236,Reports,1957/12161,,,Urban League of Portland,Administrative Report or Publication,,Administrative Reports and Publications
90,Water Research,1957/12250,309,Faculty Research Publications (Water Research),1957/14204,,,,Default,,
90,Water Research,1957/12250,241,Institute for Water and Watersheds (2005-present),1957/12253,,,,Default,,
90,Water Research,1957/12250,12,Water and Watersheds Initiative (1960-2005),1957/31,,,,Default,,
173,Water Resources Graduate Program,1957/30755,240,Water Resources Graduate Program Theses and Dissertations,1957/12251,,,,Graduate Thesis or Dissertation,,
173,Water Resources Graduate Program,1957/30755,417,Water Resources Master's Project Papers (Non-Thesis),1957/18386,,,,Graduate Project,,
83,Women's Center,1957/11243,195,W.I.R.E.'d Zine,1957/11244,,,Women's Center,Default,,
120,Writing Intensive Curriculum,1957/15952,623,Teaching With Writing: The WIC Newsletter,1957/47064,,,Writing Intensive Curriculum,Administrative Report or Publication,,Administrative Reports and Publications
120,Writing Intensive Curriculum,1957/15952,375,WIC Culture of Writing Awards,1957/15953,,,Writing Intensive Curriculum,Default,,Administrative Reports and Publications